product_id,product_name,category_id
FUR-BO-10001798,Bush Somerset Collection Bookcase,9
TEC-PH-10002275,Mitel 5320 IP Phone VoIP phone,2
FUR-CH-10000454,Hon Deluxe Fabric Upholstered Stacking Chairs  Rounded Back,10
OFF-AR-10002833,Newell 322,3
OFF-LA-10000240,Self-Adhesive Address Labels for Typewriters by Universal,12
FUR-TA-10000577,Bretford CR4500 Series Slim Rectangular Table,8
OFF-ST-10000760,Eldon Fold N Roll Cart System,7
FUR-FU-10001487,Eldon Expressions Wood and Plastic Desk Accessories  Cherry Wood,15
OFF-BI-10003910,DXL Angle-View Binders with Locking Rings by Samsill,17
OFF-AP-10002892,Belkin F5C206VTEL 6 Outlet Surge,1
FUR-TA-10001539,Chromcraft Rectangular Conference Tables,8
TEC-PH-10002033,Konftel 250 Conference phone Charcoal black,2
OFF-PA-10002365,Xerox 1967,14
OFF-BI-10003656,Fellowes PB200 Plastic Comb Binding Machine,17
OFF-AP-10002311,Holmes Replacement Filter for HEPA Air Cleaner  Very Large Room  HEPA Filter,1
OFF-BI-10000756,Storex DuraTech Recycled Plastic Frosted Binders,17
OFF-ST-10004186,Stur-D-Stor Shelving  Vertical 5-Shelf: 72H x 36W x 18 1/2D,7
OFF-ST-10000107,Fellowes Super Stor/Drawer,7
OFF-AR-10003056,Newell 341,3
TEC-PH-10001949,Cisco SPA 501G IP Phone,2
OFF-BI-10002215,Wilson Jones Hanging View Binder  White  1,17
OFF-AR-10000246,Newell 318,3
OFF-AP-10001492,Acco Six-Outlet Power Strip  4 Cord Length,1
FUR-CH-10002774,Global Deluxe Stacking Chair  Gray,10
OFF-BI-10001634,Wilson Jones Active Use Binders,17
TEC-AC-10003027,Imation 8GB Mini TravelDrive USB 2.0 Flash Drive,11
FUR-BO-10004834,Riverside Palais Royal Lawyers Bookcase  Royale Cherry Finish,9
OFF-BI-10000474,Avery Recycled Flexi-View Covers for Binding Systems,17
FUR-FU-10004848,Howard Miller 13-3/4 Diameter Brushed Chrome Round Wall Clock,15
OFF-EN-10001509,Poly String Tie Envelopes,13
OFF-AR-10004042,BOSTON Model 1800 Electric Pencil Sharpeners  Putty/Woodgrain,3
OFF-BI-10001525,Acco Pressboard Covers with Storage Hooks  14 7/8 x 11  Executive Red,17
OFF-AR-10001683,Lumber Crayons,3
OFF-PA-10000249,Easy-staple paper,14
TEC-PH-10004977,GE 30524EE4,2
FUR-FU-10003664,Electrix Architects Clamp-On Swing Arm Lamp  Black,15
OFF-EN-10002986,#10-4 1/8 x 9 1/2 Premium Diagonal Seam Envelopes,13
FUR-BO-10002545,Atlantic Metals Mobile 3-Shelf Bookcases  Custom Colors,9
FUR-CH-10004218,Global Fabric Managers Chair  Dark Gray,10
TEC-PH-10000486,Plantronics HL10 Handset Lifter,2
TEC-PH-10004093,Panasonic Kx-TS550,2
OFF-ST-10003479,Eldon Base for stackable storage shelf  platinum,7
OFF-ST-10003282,Advantus 10-Drawer Portable Organizer  Chrome Metal Frame  Smoke Drawers,7
TEC-AC-10000171,Verbatim 25 GB 6x Blu-ray Single Layer Recordable Disc  25/Pack,11
OFF-BI-10003291,Wilson Jones Leather-Like Binders with DublLock Round Rings,17
OFF-ST-10001713,Gould Plastics 9-Pocket Panel Bin  18-3/8w x 5-1/4d x 20-1/2h  Black,7
TEC-AC-10002167,Imation 8gb Micro Traveldrive Usb 2.0 Flash Drive,11
TEC-PH-10003988,LF Elite 3D Dazzle Designer Hard Case Cover  Lf Stylus Pen and Wiper For Apple Iphone 5c Mini Lite,2
OFF-BI-10004410,C-Line Peel & Stick Add-On Filing Pockets  8-3/4 x 5-1/8  10/Pack,17
OFF-LA-10002762,Avery 485,12
FUR-FU-10001706,Longer-Life Soft White Bulbs,15
FUR-CH-10003061,Global Leather Task Chair  Black,10
OFF-FA-10000304,Advantus Push Pins,16
TEC-PH-10002447,AT&T CL83451 4-Handset Telephone,2
OFF-ST-10000604,Home/Office Personal File Carts,7
OFF-PA-10001569,Xerox 232,14
FUR-CH-10003968,Novimex Turbo Task Chair,10
OFF-PA-10000587,Array Parchment Paper  Assorted Colors,14
OFF-BI-10001460,Plastic Binding Combs,17
OFF-AR-10001868,Prang Dustless Chalk Sticks,3
TEC-AC-10004633,Verbatim 25 GB 6x Blu-ray Single Layer Recordable Disc  3/Pack,11
OFF-BI-10001078,Acco PRESSTEX Data Binder with Storage Hooks  Dark Blue  14 7/8 X 11,17
OFF-PA-10003892,Xerox 1943,14
FUR-FU-10000397,Luxo Economy Swing Arm Lamp,15
FUR-CH-10001146,Global Value Mid-Back Managers Chair  Gray,10
OFF-AR-10002671,Hunt BOSTON Model 1606 High-Volume Electric Pencil Sharpener  Beige,3
TEC-PH-10002726,netTALK DUO VoIP Telephone Service,2
OFF-PA-10000482,Snap-A-Way Black Print Carbonless Ruled Speed Letter  Triplicate,14
OFF-BI-10004654,Avery Binding System Hidden Tab Executive Style Index Sets,17
OFF-PA-10004675,Telephone Message Books with Fax/Mobile Section  5 1/2 x 3 3/16,14
FUR-CH-10000513,High-Back Leather Managers Chair,10
FUR-FU-10003708,Tenex Traditional Chairmats for Medium Pile Carpet  Standard Lip  36 x 48,15
OFF-ST-10004123,Safco Industrial Wire Shelving System,7
OFF-BI-10004182,Economy Binders,17
FUR-FU-10000260,6 Cubicle Wall Clock  Black,15
OFF-ST-10000615,SimpliFile Personal File  Black Granite  15w x 6-15/16d x 11-1/4h,7
FUR-FU-10003194,Eldon Expressions Desk Accessory  Wood Pencil Holder  Oak,15
OFF-AP-10002118,1.7 Cubic Foot Compact Cube Office Refrigerators,1
OFF-BI-10002309,Avery Heavy-Duty EZD  Binder With Locking Rings,17
OFF-AR-10002053,Premium Writing Pencils  Soft  #2 by Central Association for the Blind,3
OFF-ST-10002370,Sortfiler Multipurpose Personal File Organizer  Black,7
OFF-EN-10000927,Jet-Pak Recycled Peel N Seal Padded Mailers,13
OFF-ST-10003656,Safco Industrial Wire Shelving,7
FUR-CH-10000863,Novimex Swivel Fabric Task Chair,10
TEC-AC-10001998,Logitech LS21 Speaker System - PC Multimedia - 2.1-CH - Wired,11
OFF-LA-10000134,Avery 511,12
OFF-ST-10003442,Eldon Portable Mobile Manager,7
OFF-AR-10004930,Turquoise Lead Holder with Pocket Clip,3
OFF-PA-10000304,Xerox 1995,14
OFF-PA-10003177,Xerox 1999,14
FUR-FU-10003799,Seth Thomas 13 1/2 Wall Clock,15
OFF-BI-10002852,Ibico Standard Transparent Covers,17
OFF-BI-10004738,Flexible Leather- Look Classic Collection Ring Binder,17
FUR-FU-10000629,9-3/4 Diameter Round Wall Clock,15
OFF-BI-10001721,Trimflex Flexible Post Binders,17
OFF-AP-10000358,Fellowes Basic Home/Office Series Surge Protectors,1
OFF-PA-10003256,Avery Personal Creations Heavyweight Cards,14
TEC-AC-10001767,SanDisk Ultra 64 GB MicroSDHC Class 10 Memory Card,11
OFF-BI-10002609,Avery Hidden Tab Dividers for Binding Systems,17
OFF-PA-10004040,Universal Premium White Copier/Laser Paper (20Lb. and 87 Bright),14
TEC-AC-10001552,Logitech K350 2.4Ghz Wireless Keyboard,11
FUR-FU-10004006,Deflect-o DuraMat Lighweight  Studded  Beveled Mat for Low Pile Carpeting,15
OFF-BI-10002794,Avery Trapezoid Ring Binder  3 Capacity  Black  1040 sheets,17
TEC-AC-10003499,Memorex Mini Travel Drive 8 GB USB 2.0 Flash Drive,11
TEC-PH-10002844,Speck Products Candyshell Flip Case,2
OFF-AR-10000390,Newell Chalk Holder,3
TEC-AC-10000844,Logitech Gaming G510s - Keyboard,11
FUR-FU-10001934,Magnifier Swing Arm Lamp,15
OFF-AR-10000380,Hunt PowerHouse Electric Pencil Sharpener  Blue,3
OFF-BI-10003981,Avery Durable Plastic 1 Binders,17
OFF-FA-10000621,OIC Colored Binder Clips  Assorted Sizes,16
OFF-EN-10002600,Redi-Strip #10 Envelopes  4 1/8 x 9 1/2,13
OFF-PA-10004965,Xerox 1921,14
OFF-EN-10002504,Tyvek  Top-Opening Peel & Seel Envelopes  Plain White,13
FUR-TA-10001768,Hon Racetrack Conference Tables,8
OFF-BI-10003650,GBC DocuBind 300 Electric Binding Machine,17
FUR-FU-10002157,Artistic Insta-Plaque,15
OFF-ST-10000777,Companion Letter/Legal File  Black,7
OFF-EN-10002500,Globe Weis Peel & Seel First Class Envelopes,13
TEC-PH-10003875,KLD Oscar II Style Snap-on Ultra Thin Side Flip Synthetic Leather Cover Case for HTC One HTC M7,2
FUR-CH-10004063,Global Deluxe High-Back Managers Chair,10
FUR-TA-10004534,Bevis 44 x 96 Conference Tables,8
OFF-BI-10003274,Avery Durable Slant Ring Binders  No Labels,17
OFF-ST-10002974,Trav-L-File Heavy-Duty Shuttle II  Black,7
FUR-FU-10003773,Eldon Cleatmat Plus Chair Mats for High Pile Carpets,15
TEC-PH-10002293,Anker 36W 4-Port USB Wall Charger Travel Power Adapter for iPhone 5s 5c 5,2
OFF-PA-10002377,Xerox 1916,14
OFF-FA-10002780,Staples,16
OFF-PA-10001804,Xerox 195,14
OFF-PA-10001736,Xerox 1880,14
OFF-AR-10001149,Sanford Colorific Colored Pencils  12/Box,3
OFF-FA-10002988,Ideal Clamps,16
OFF-BI-10004781,GBC Wire Binding Strips,17
OFF-SU-10001218,Fiskars Softgrip Scissors,4
OFF-AR-10000940,Newell 343,3
OFF-EN-10004030,Convenience Packs of Business Envelopes,13
OFF-PA-10004327,Xerox 1911,14
OFF-AP-10001058,Sanyo 2.5 Cubic Foot Mid-Size Office Refrigerators,1
FUR-FU-10000521,Seth Thomas 14 Putty-Colored Wall Clock,15
TEC-PH-10000215,Plantronics Cordless Phone Headset with In-line Volume - M214C,2
TEC-PH-10001448,Anker Astro 15000mAh USB Portable Charger,2
OFF-BI-10002735,GBC Prestige Therm-A-Bind Covers,17
OFF-AP-10000326,Belkin 7 Outlet SurgeMaster Surge Protector with Phone Protection,1
TEC-PH-10001254,Jabra BIZ 2300 Duo QD Duo Corded Headset,2
OFF-PA-10001950,Southworth 25% Cotton Antique Laid Paper & Envelopes,14
OFF-PA-10002254,Xerox 1883,14
OFF-ST-10001590,Tenex Personal Project File with Scoop Front Design  Black,7
OFF-AR-10001547,Newell 311,3
OFF-LA-10002475,Avery 519,12
TEC-PH-10004536,Avaya 5420 Digital phone,2
OFF-PA-10002751,Xerox 1920,14
TEC-AC-10003657,Lenovo 17-Key USB Numeric Keypad,11
OFF-EN-10001990,Staple envelope,13
OFF-BI-10004002,Wilson Jones International Size A4 Ring Binders,17
OFF-AR-10004441,BIC Brite Liner Highlighters,3
OFF-ST-10000991,Space Solutions HD Industrial Steel Shelving.,7
FUR-CH-10004287,SAFCO Arco Folding Chair,10
OFF-AR-10002656,Sanford Liquid Accent Highlighters,3
OFF-AP-10002518,Kensington 7 Outlet MasterPiece Power Center,1
TEC-PH-10003931,JBL Micro Wireless Portable Bluetooth Speaker,2
OFF-PA-10000659,Adams Phone Message Book  Professional  400 Message Capacity  5 3/6” x 11”,14
OFF-PA-10001144,Xerox 1913,14
FUR-CH-10003817,Global Value Steno Chair  Gray,10
OFF-AP-10000891,Kensington 7 Outlet MasterPiece HOMEOFFICE Power Control Center,1
OFF-LA-10003148,Avery 51,12
OFF-AP-10002684,Acco 7-Outlet Masterpiece Power Center  Wihtout Fax/Phone Line Protection,1
FUR-CH-10004698,Padded Folding Chairs  Black  4/Carton,10
OFF-SU-10002189,Acme Rosewood Handle Letter Opener,4
OFF-AR-10001940,Sanford Colorific Eraseable Coloring Pencils  12 Count,3
OFF-ST-10003455,Tenex File Box  Personal Filing Tote with Lid  Black,7
TEC-AC-10004659,Imation Secure+ Hardware Encrypted USB 2.0 Flash Drive; 16GB,11
TEC-PH-10003273,AT&T TR1909W,2
TEC-PH-10004896,Nokia Lumia 521 (T-Mobile),2
TEC-AC-10002345,HP Standard 104 key PS/2 Keyboard,11
OFF-BI-10001890,Avery Poly Binder Pockets,17
TEC-AC-10002323,SanDisk Ultra 32 GB MicroSDHC Class 10 Memory Card,11
OFF-ST-10001328,Personal Filing Tote with Lid  Black/Gray,7
FUR-BO-10002613,Atlantic Metals Mobile 4-Shelf Bookcases  Custom Colors,9
TEC-PH-10001552,I Needs 3d Hello Kitty Hybrid Silicone Case Cover for HTC One X 4g with 3d Hello Kitty Stylus Pen Green/pink,2
OFF-PA-10000061,Xerox 205,14
OFF-AR-10003514,4009 Highlighters by Sanford,3
OFF-AR-10004685,Binney & Smith Crayola Metallic Colored Pencils  8-Color Set,3
OFF-AR-10004027,Binney & Smith inkTank Erasable Desk Highlighter  Chisel Tip  Yellow  12/Box,3
OFF-ST-10001414,Decoflex Hanging Personal Folder File,7
OFF-BI-10000343,Pressboard Covers with Storage Hooks  9 1/2 x 11  Light Blue,17
OFF-PA-10002749,Wirebound Message Books  5-1/2 x 4 Forms  2 or 4 Forms per Page,14
OFF-PA-10002666,Southworth 25% Cotton Linen-Finish Paper & Envelopes,14
FUR-TA-10004289,BoxOffice By Design Rectangular and Half-Moon Meeting Room Tables,8
OFF-AP-10003622,Bravo II Megaboss 12-Amp Hard Body Upright  Replacement Belts  2 Belts per Pack,1
OFF-AP-10003217,Eureka Sanitaire  Commercial Upright,1
FUR-FU-10002960,Eldon 200 Class Desk Accessories  Burgundy,15
TEC-PH-10001918,Nortel Business Series Terminal T7208 Digital phone,2
OFF-ST-10000642,Tennsco Lockers  Gray,7
TEC-PH-10001700,Panasonic KX-TG6844B Expandable Digital Cordless Telephone,2
OFF-FA-10000134,Advantus Push Pins  Aluminum Head,16
OFF-ST-10001522,Gould Plastics 18-Pocket Panel Bin  34w x 5-1/4d x 20-1/2h,7
TEC-AC-10001266,Memorex Micro Travel Drive 8 GB,11
OFF-LA-10004544,Avery 505,12
FUR-BO-10004695,OSullivan 2-Door Barrister Bookcase in Odessa Pine,9
TEC-MA-10000864,Cisco 9971 IP Video Phone Charcoal,6
TEC-AC-10000109,Sony Micro Vault Click 16 GB USB 2.0 Flash Drive,11
TEC-PH-10002563,Adtran 1202752G1,2
OFF-FA-10000585,OIC Bulk Pack Metal Binder Clips,16
OFF-PA-10004000,While You Were Out Pads  50 per Pad  4 x 5 1/4  Green Cycle,14
FUR-FU-10000087,Executive Impressions 14 Two-Color Numerals Wall Clock,15
TEC-MA-10001148,Swingline SM12-08 MicroCut Jam Free Shredder,6
OFF-AR-10001958,Stanley Bostitch Contemporary Electric Pencil Sharpeners,3
OFF-AR-10001026,Sanford Uni-Blazer View Highlighters  Chisel Tip  Yellow,3
FUR-TA-10003748,Bevis 36 x 72 Conference Tables,8
OFF-ST-10002485,Rogers Deluxe File Chest,7
FUR-CH-10004860,Global Low Back Tilter Chair,10
FUR-CH-10004477,Global Push Button Managers Chair  Indigo,10
OFF-BI-10001679,GBC Instant Index System for Binding Systems,17
FUR-TA-10001705,Bush Advantage Collection Round Conference Table,8
FUR-TA-10003473,Bretford Rectangular Conference Table Tops,8
FUR-FU-10004017,Tenex Contemporary Contur Chairmats for Low and Medium Pile Carpet  Computer  39 x 49,15
TEC-AC-10003832,Logitech P710e Mobile Speakerphone,11
OFF-PA-10002479,Xerox 4200 Series MultiUse Premium Copy Paper (20Lb. and 84 Bright),14
OFF-PA-10003349,Xerox 1957,14
FUR-FU-10000576,Luxo Professional Fluorescent Magnifier Lamp with Clamp-Mount Base,15
FUR-FU-10004351,Staple-based wall hangings,15
TEC-PH-10000011,PureGear Roll-On Screen Protector,2
FUR-TA-10002607,KI Conference Tables,8
FUR-FU-10002505,Eldon 100 Class Desk Accessories,15
OFF-ST-10002276,Safco Steel Mobile File Cart,7
OFF-PA-10004082,Adams Telephone Message Book w/Frequently-Called Numbers Space  400 Messages per Book,14
OFF-AP-10002945,Honeywell Enviracaire Portable HEPA Air Cleaner for 17 x 22 Room,1
FUR-CH-10002965,Global Leather Highback Executive Chair with Pneumatic Height Adjustment  Black,10
OFF-PA-10004569,Wirebound Message Books  Two 4 1/4 x 5 Forms per Page,14
OFF-ST-10001228,Fellowes Personal Hanging Folder Files  Navy,7
OFF-EN-10003296,Tyvek Side-Opening Peel & Seel Expanding Envelopes,13
OFF-ST-10004804,Belkin 19 Vented Equipment Shelf  Black,7
TEC-PH-10001580,Logitech Mobile Speakerphone P710e - speaker phone,2
TEC-AC-10000290,Sabrent 4-Port USB 2.0 Hub,11
OFF-ST-10002790,Safco Industrial Shelving,7
OFF-BI-10003460,Acco 3-Hole Punch,17
OFF-AP-10002203,Eureka Disposable Bags for Sanitaire Vibra Groomer I Upright Vac,1
TEC-MA-10000822,Lexmark MX611dhe Monochrome Laser Printer,6
TEC-MA-10003353,Xerox WorkCentre 6505DN Laser Multifunction Printer,6
TEC-PH-10001433,Cisco Small Business SPA 502G VoIP phone,2
TEC-AC-10004469,Microsoft Sculpt Comfort Mouse,11
OFF-AR-10003602,Quartet Omega Colored Chalk  12/Pack,3
OFF-FA-10003472,Bagged Rubber Bands,16
OFF-ST-10004180,Safco Commercial Shelving,7
OFF-EN-10004386,Recycled Interoffice Envelopes with String and Button Closure  10 x 13,13
OFF-ST-10003208,Adjustable Depth Letter/Legal Cart,7
TEC-AC-10003628,Logitech 910-002974 M325 Wireless Mouse for Web Scrolling,11
FUR-FU-10003274,Regeneration Desk Collection,15
OFF-BI-10002557,Presstex Flexible Ring Binders,17
OFF-PA-10002615,Ampad Gold Fibre Wirebound Steno Books  6 x 9  Gregg Ruled,14
OFF-AR-10001427,Newell 330,3
OFF-PA-10000673,Post-it “Important Message” Note Pad  Neon Colors  50 Sheets/Pad,14
OFF-PA-10004470,Adams Write n Stick Phone Message Book  11 X 5 1/4  200 Messages,14
OFF-ST-10000876,Eldon Simplefile Box Office,7
OFF-LA-10002043,Avery 489,12
OFF-BI-10004967,Round Ring Binders,17
TEC-PH-10001760,Bose SoundLink Bluetooth Speaker,2
FUR-TA-10002903,Bevis Round Bullnose 29 High Table Top,8
OFF-PA-10000474,Easy-staple paper,14
TEC-AC-10001956,Microsoft Arc Touch Mouse,11
OFF-PA-10004100,Xerox 216,14
OFF-BI-10000778,GBC VeloBinder Electric Binding Machine,17
OFF-SU-10000646,Premier Automatic Letter Opener,4
OFF-FA-10002983,Advantus SlideClip Paper Clips,16
OFF-LA-10004689,Avery 512,12
TEC-AC-10002001,Logitech Wireless Gaming Headset G930,11
FUR-BO-10004709,Bush Westfield Collection Bookcases  Medium Cherry Finish,9
FUR-FU-10004091,Howard Miller 13 Diameter Goldtone Round Wall Clock,15
FUR-CH-10001891,Global Deluxe Office Fabric Chairs,10
FUR-FU-10002918,Eldon ClusterMat Chair Mat with Cordless Antistatic Protection,15
OFF-BI-10004593,Ibico Laser Imprintable Binding System Covers,17
OFF-FA-10004854,Vinyl Coated Wire Paper Clips in Organizer Box  800/Box,16
OFF-PA-10002105,Xerox 223,14
OFF-ST-10002756,Tennsco Stur-D-Stor Boltless Shelving  5 Shelves  24 Deep  Sand,7
OFF-PA-10004243,Xerox 1939,14
FUR-FU-10001861,Floodlight Indoor Halogen Bulbs  1 Bulb per Pack  60 Watts,15
OFF-BI-10002706,Avery Premier Heavy-Duty Binder with Round Locking Rings,17
FUR-TA-10002533,BPI Conference Tables,8
FUR-FU-10002671,Electrix 20W Halogen Replacement Bulb for Zoom-In Desk Lamp,15
OFF-AR-10003651,Newell 350,3
OFF-BI-10001072,GBC Clear Cover  8-1/2 x 11  unpunched  25 covers per pack,17
OFF-AR-10002135,Boston Heavy-Duty Trimline Electric Pencil Sharpeners,3
OFF-AR-10002804,Faber Castell Col-Erase Pencils,3
FUR-FU-10001918,C-Line Cubicle Keepers Polyproplyene Holder With Velcro Backings,15
FUR-CH-10004086,Hon 4070 Series Pagoda Armless Upholstered Stacking Chairs,10
FUR-FU-10001756,Eldon Expressions Desk Accessory  Wood Photo Frame  Mahogany,15
OFF-LA-10000634,Avery 509,12
FUR-FU-10001588,Deflect-o SuperTray Unbreakable Stackable Tray  Letter  Black,15
TEC-PH-10002398,AT&T 1070 Corded Phone,2
OFF-PA-10001937,Xerox 21,14
OFF-AR-10003373,Boston School Pro Electric Pencil Sharpener  1670,3
FUR-CH-10002602,DMI Arturo Collection Mission-style Design Wood Chair,10
TEC-MA-10002927,Canon imageCLASS MF7460 Monochrome Digital Laser Multifunction Copier,6
TEC-AC-10000892,NETGEAR N750 Dual Band Wi-Fi Gigabit Router,11
OFF-FA-10000624,OIC Binder Clips,16
TEC-AC-10001908,Logitech Wireless Headset h800,11
FUR-FU-10001967,Telescoping Adjustable Floor Lamp,15
TEC-PH-10003645,Aastra 57i VoIP phone,2
OFF-ST-10000675,File Shuttle II and Handi-File  Black,7
FUR-CH-10003312,Hon 2090 “Pillow Soft” Series Mid Back Swivel/Tilt Chairs,10
OFF-LA-10001074,Round Specialty Laser Printer Labels,12
OFF-BI-10001524,GBC Premium Transparent Covers with Diagonal Lined Pattern,17
TEC-PH-10004614,AT&T 841000 Phone,2
OFF-BI-10001153,Ibico Recycled Grain-Textured Covers,17
OFF-BI-10001982,Wilson Jones Custom Binder Spines & Labels,17
OFF-BI-10001922,Storex Dura Pro Binders,17
TEC-CO-10001449,Hewlett Packard LaserJet 3310 Copier,5
OFF-BI-10004140,Avery Non-Stick Binders,17
OFF-BI-10003314,Tuff Stuff Recycled Round Ring Binders,17
FUR-TA-10004575,Hon 5100 Series Wood Tables,8
OFF-FA-10000490,OIC Binder Clips  Mini  1/4 Capacity  Black,16
OFF-AR-10000122,Newell 314,3
TEC-PH-10000702,Square Credit Card Reader  4 1/2 x 4 1/2 x 1  White,2
OFF-AR-10001374,BIC Brite Liner Highlighters  Chisel Tip,3
OFF-PA-10001970,Xerox 1881,14
OFF-BI-10002160,Acco Hanging Data Binders,17
OFF-BI-10004995,GBC DocuBind P400 Electric Binding System,17
FUR-BO-10002268,Sauder Barrister Bookcases,9
OFF-EN-10001137,#10 Gummed Flap White Envelopes  100/Box,13
OFF-AR-10002399,Dixon Prang Watercolor Pencils  10-Color Set with Brush,3
OFF-PA-10002713,Adams Phone Message Book  200 Message Capacity  8 1/16” x 11”,14
OFF-AP-10001124,Belkin 8 Outlet SurgeMaster II Gold Surge Protector with Phone Protection,1
OFF-LA-10001158,Avery Address/Shipping Labels for Typewriters  4 x 2,12
FUR-CH-10000785,Global Ergonomic Managers Chair,10
OFF-AR-10003732,Newell 333,3
FUR-FU-10000023,Eldon Wave Desk Accessories,15
OFF-BI-10002412,Wilson Jones “Snap” Scratch Pad Binder Tool for Ring Binders,17
OFF-SU-10001225,Staple remover,4
OFF-ST-10002406,Pizazz Global Quick File,7
OFF-PA-10002036,Xerox 1930,14
OFF-ST-10002205,File Shuttle I and Handi-File,7
TEC-AC-10003911,NETGEAR AC1750 Dual Band Gigabit Smart WiFi Router,11
OFF-AR-10000658,Newell 324,3
TEC-AC-10002076,Microsoft Natural Keyboard Elite,11
OFF-PA-10003039,Xerox 1960,14
FUR-TA-10004915,Office Impressions End Table  20-1/2H x 24W x 20D,8
OFF-AP-10000696,Holmes Odor Grabber,1
OFF-ST-10003327,Akro-Mils 12-Gallon Tote,7
OFF-BI-10000309,GBC Twin Loop Wire Binding Elements  9/16 Spine  Black,17
OFF-PA-10004734,Southworth Structures Collection,14
OFF-BI-10002225,Square Ring Data Binders  Rigid 75 Pt. Covers  11 x 14-7/8,17
TEC-AC-10004708,Sony 32GB Class 10 Micro SDHC R40 Memory Card,11
FUR-TA-10000617,Hon Practical Foundations 30 x 60 Training Table  Light Gray/Charcoal,8
TEC-AC-10002335,Logitech Media Keyboard K200,11
TEC-MA-10001681,Lexmark MarkNet N8150 Wireless Print Server,6
FUR-FU-10001935,3M Hangers With Command Adhesive,15
OFF-AR-10004757,Crayola Colored Pencils,3
OFF-BI-10000050,Angle-D Binders with Locking Rings  Label Holders,17
TEC-PH-10003012,Nortel Meridian M3904 Professional Digital phone,2
TEC-CO-10002313,Canon PC1080F Personal Copier,5
OFF-BI-10003982,Wilson Jones Century Plastic Molded Ring Binders,17
OFF-BI-10004492,Tuf-Vin Binders,17
OFF-ST-10000798,2300 Heavy-Duty Transfer File Systems by Perma,7
OFF-PA-10002552,Xerox 1958,14
OFF-SU-10002573,Acme 10 Easy Grip Assistive Scissors,4
OFF-ST-10001580,Super Decoflex Portable Personal File,7
OFF-ST-10000934,Contico 72H Heavy-Duty Storage System,7
TEC-AC-10000158,Sony 64GB Class 10 Micro SDHC R40 Memory Card,11
OFF-PA-10001947,Xerox 1974,14
OFF-AR-10003478,Avery Hi-Liter EverBold Pen Style Fluorescent Highlighters  4/Pack,3
OFF-AP-10004249,Staple holder,1
TEC-CO-10004115,Sharp AL-1530CS Digital Copier,5
OFF-PA-10003724,Wirebound Message Book  4 per Page,14
FUR-TA-10002041,Bevis Round Conference Table Top  X-Base,8
OFF-PA-10002893,Wirebound Service Call Books  5 1/2 x 4,14
OFF-LA-10003766,Self-Adhesive Removable Labels,12
FUR-BO-10001972,OSullivan 4-Shelf Bookcase in Odessa Pine,9
FUR-CH-10003956,Novimex High-Tech Fabric Mesh Task Chair,10
OFF-PA-10000157,Xerox 191,14
OFF-AR-10004344,Bulldog Vacuum Base Pencil Sharpener,3
FUR-CH-10004886,Bevis Steel Folding Chairs,10
OFF-PA-10003845,Xerox 1987,14
OFF-AR-10001573,American Pencil,3
OFF-EN-10000483,White Envelopes  White Envelopes with Clear Poly Window,13
TEC-AC-10004114,KeyTronic 6101 Series - Keyboard - Black,11
FUR-FU-10004712,Westinghouse Mesh Shade Clip-On Gooseneck Lamp  Black,15
OFF-ST-10000918,Crate-A-Files,7
FUR-CH-10000015,Hon Multipurpose Stacking Arm Chairs,10
FUR-FU-10003347,Coloredge Poster Frame,15
OFF-BI-10001543,GBC VeloBinder Manual Binding System,17
TEC-MA-10000029,Epson WorkForce WF-2530 All-in-One Printer  Copier Scanner,6
OFF-AR-10000369,Design Ebony Sketching Pencil,3
OFF-BI-10004584,GBC ProClick 150 Presentation Binding System,17
OFF-ST-10000617,Woodgrain Magazine Files by Perma,7
OFF-ST-10003306,Letter Size Cart,7
OFF-BI-10000773,Insertable Tab Post Binder Dividers,17
TEC-AC-10002600,Belkin QODE FastFit Bluetooth Keyboard,11
TEC-MA-10002937,Canon Color ImageCLASS MF8580Cdw Wireless Laser All-In-One Printer  Copier  Scanner,6
OFF-PA-10002230,Xerox 1897,14
FUR-CH-10003396,Global Deluxe Steno Chair,10
FUR-FU-10000246,Aluminum Document Frame,15
OFF-ST-10000060,Fellowes Bankers Box Staxonsteel Drawer File/Stacking System,7
OFF-ST-10003058,Eldon Mobile Mega Data Cart  Mega Stackable  Add-On Trays,7
OFF-PA-10002222,Xerox Color Copier Paper  11 x 17  Ream,14
FUR-CH-10002372,Office Star - Ergonomically Designed Knee Chair,10
OFF-LA-10001317,Avery 520,12
FUR-FU-10000206,GE General Purpose  Extra Long Life  Showcase & Floodlight Incandescent Bulbs,15
OFF-AR-10000588,Newell 345,3
OFF-ST-10001469,Fellowes Bankers Box Recycled Super Stor/Drawer,7
OFF-AR-10001953,Boston 1645 Deluxe Heavier-Duty Electric Pencil Sharpener,3
OFF-AR-10003156,50 Colored Long Pencils,3
OFF-AR-10004974,Newell 342,3
TEC-PH-10002365,Belkin Grip Candy Sheer Case / Cover for iPhone 5 and 5S,2
OFF-ST-10000142,Deluxe Rollaway Locking File with Drawer,7
TEC-AC-10001772,Memorex Mini Travel Drive 16 GB USB 2.0 Flash Drive,11
FUR-CH-10000225,Global Geo Office Task Chair  Gray,10
FUR-CH-10002331,Hon 4700 Series Mobuis Mid-Back Task Chairs with Adjustable Arms,10
OFF-EN-10001415,Staple envelope,13
OFF-AP-10002472,3M Office Air Cleaner,1
TEC-AC-10004571,Logitech G700s Rechargeable Gaming Mouse,11
OFF-BI-10001098,Acco D-Ring Binder w/DublLock,17
FUR-TA-10001889,Bush Advantage Collection Racetrack Conference Table,8
OFF-BI-10000315,Poly Designer Cover & Back,17
OFF-SU-10003505,Premier Electric Letter Opener,4
OFF-AP-10002578,Fellowes Premier Superior Surge Suppressor  10-Outlet  With Phone and Remote,1
FUR-BO-10002824,Bush Mission Pointe Library,9
OFF-BI-10002194,Cardinal Hold-It CD Pocket,17
OFF-PA-10004071,Eaton Premium Continuous-Feed Paper  25% Cotton  Letter Size  White  1000 Shts/Box,14
OFF-ST-10002743,SAFCO Boltless Steel Shelving,7
FUR-BO-10001601,Sauder Mission Library with Doors  Fruitwood Finish,9
TEC-PH-10002680,Samsung Galaxy Note 3,2
OFF-ST-10001321,Decoflex Hanging Personal Folder File  Blue,7
OFF-PA-10001509,Recycled Desk Saver Line While You Were Out Book  5 1/2 X 4,14
OFF-PA-10003465,Xerox 1912,14
TEC-PH-10000149,Cisco SPA525G2 IP Phone - Wireless,2
OFF-AR-10003045,Prang Colored Pencils,3
OFF-ST-10000689,Fellowes Strictly Business Drawer File  Letter/Legal Size,7
TEC-AC-10001445,Imation USB 2.0 Swivel Flash Drive USB flash drive - 4 GB - Pink,11
TEC-AC-10002567,Logitech G602 Wireless Gaming Mouse,11
OFF-LA-10003923,Alphabetical Labels for Top Tab Filing,12
FUR-BO-10001337,OSullivan Living Dimensions 2-Shelf Bookcases,9
TEC-PH-10001924,iHome FM Clock Radio with Lightning Dock,2
TEC-PH-10001363,Apple iPhone 5S,2
TEC-PH-10000376,Square Credit Card Reader,2
TEC-AC-10000303,Logitech M510 Wireless Mouse,11
OFF-ST-10001809,Fellowes Officeware Wire Shelving,7
OFF-EN-10003845,Colored Envelopes,13
TEC-AC-10000991,Sony Micro Vault Click 8 GB USB 2.0 Flash Drive,11
FUR-TA-10001857,Balt Solid Wood Rectangular Table,8
OFF-EN-10001434,Strathmore #10 Envelopes  Ultimate White,13
OFF-BI-10002498,Clear Mylar Reinforcing Strips,17
FUR-FU-10004864,Howard Miller 14-1/2 Diameter Chrome Round Wall Clock,15
FUR-FU-10000073,Deflect-O Glasstique Clear Desk Accessories,15
OFF-BI-10001670,Vinyl Sectional Post Binders,17
OFF-BI-10001658,GBC Standard Therm-A-Bind Covers,17
FUR-CH-10001215,Global Troy Executive Leather Low-Back Tilter,10
OFF-BI-10000831,Storex Flexible Poly Binders with Double Pockets,17
OFF-PA-10000357,White Dual Perf Computer Printout Paper  2700 Sheets  1 Part  Heavyweight  20 lbs.  14 7/8 x 11,14
OFF-AR-10001662,Rogers Handheld Barrel Pencil Sharpener,3
OFF-AR-10003856,Newell 344,3
FUR-FU-10001290,Executive Impressions Supervisor Wall Clock,15
TEC-AC-10002399,SanDisk Cruzer 32 GB USB Flash Drive,11
OFF-AR-10003811,Newell 327,3
OFF-AR-10001246,Newell 317,3
TEC-CO-10003236,Canon Image Class D660 Copier,5
OFF-ST-10004507,Advantus Rolling Storage Box,7
OFF-PA-10001667,Great White Multi-Use Recycled Paper (20Lb. and 84 Bright),14
OFF-ST-10004459,Tennsco Single-Tier Lockers,7
OFF-ST-10000736,Carina Double Wide Media Storage Towers in Natural & Black,7
OFF-BI-10000285,XtraLife ClearVue Slant-D Ring Binders by Cardinal,17
TEC-PH-10003555,Motorola HK250 Universal Bluetooth Headset,2
OFF-FA-10002815,Staples,16
FUR-CH-10003379,Global Commerce Series High-Back Swivel/Tilt Chairs,10
OFF-ST-10004963,Eldon Gobal File Keepers,7
OFF-SU-10002881,Martin Yale Chadless Opener Electric Letter Opener,4
OFF-EN-10001335,White Business Envelopes with Contemporary Seam  Recycled White Business Envelopes,13
FUR-CH-10000595,Safco Contoured Stacking Chairs,10
FUR-FU-10000448,Tenex Chairmats For Use With Carpeted Floors,15
TEC-PH-10000984,Panasonic KX-TG9471B,2
OFF-ST-10001325,Sterilite Officeware Hinged File Box,7
OFF-BI-10002429,Premier Elliptical Ring Binder  Black,17
OFF-BI-10004528,Cardinal Poly Pocket Divider Pockets for Ring Binders,17
OFF-AP-10001271,Eureka The Boss Cordless Rechargeable Stick Vac,1
FUR-CH-10002647,Situations Contoured Folding Chairs  4/Set,10
TEC-AC-10001432,Enermax Aurora Lite Keyboard,11
TEC-PH-10002262,LG Electronics Tone+ HBS-730 Bluetooth Headset,2
TEC-AC-10001465,SanDisk Cruzer 64 GB USB Flash Drive,11
TEC-PH-10002597,Xblue XB-1670-86 X16 Small Office Telephone - Titanium,2
FUR-FU-10000723,Deflect-o EconoMat Studded  No Bevel Mat for Low Pile Carpeting,15
OFF-BI-10000404,Avery Printable Repositionable Plastic Tabs,17
OFF-PA-10002986,Xerox 1898,14
OFF-SU-10001935,Staple remover,4
FUR-CH-10002024,HON 5400 Series Task Chairs for Big and Tall,10
FUR-FU-10003039,Howard Miller 11-1/2 Diameter Grantwood Wall Clock,15
OFF-FA-10004248,Advantus T-Pin Paper Clips,16
OFF-ST-10001780,Tennsco 16-Compartment Lockers with Coat Rack,7
OFF-AR-10003560,Zebra Zazzle Fluorescent Highlighters,3
OFF-LA-10001297,Avery 473,12
FUR-TA-10004256,Bretford “Just In Time” Height-Adjustable Multi-Task Work Tables,8
OFF-PA-10003441,Xerox 226,14
OFF-BI-10000069,GBC Prepunched Paper  19-Hole  for Binding Systems  24-lb,17
OFF-AP-10003914,Sanitaire Vibra Groomer IR Commercial Upright Vacuum  Replacement Belts,1
FUR-FU-10004020,Advantus Panel Wall Acrylic Frame,15
OFF-FA-10003467,Alliance Big Bands Rubber Bands  12/Pack,16
TEC-PH-10002496,Cisco SPA301,2
OFF-PA-10004530,Personal Creations Ink Jet Cards and Labels,14
OFF-BI-10001107,GBC White Gloss Covers  Plain Front,17
OFF-PA-10004451,Xerox 222,14
FUR-CH-10004997,Hon Every-Day Series Multi-Task Chairs,10
TEC-PH-10000347,Cush Cases Heavy Duty Rugged Cover Case for Samsung Galaxy S5 - Purple,2
OFF-AR-10003394,Newell 332,3
OFF-PA-10001450,Rediform S.O.S. Phone Message Books,14
OFF-SU-10001574,Acme Value Line Scissors,4
FUR-FU-10001475,Contract Clock  14  Brown,15
OFF-SU-10004498,Martin-Yale Premier Letter Opener,4
TEC-PH-10000586,AT&T SB67148 SynJ,2
OFF-BI-10002764,Recycled Pressboard Report Cover with Reinforced Top Hinge,17
OFF-LA-10003930,Dot Matrix Printer Tape Reel Labels  White  5000/Box,12
TEC-PH-10003800,i.Sound Portable Power - 8000 mAh,2
OFF-PA-10002005,Xerox 225,14
OFF-PA-10004101,Xerox 1894,14
OFF-AR-10004078,Newell 312,3
OFF-AP-10004708,Fellowes Superior 10 Outlet Split Surge Protector,1
FUR-FU-10001979,Dana Halogen Swing-Arm Architect Lamp,15
OFF-SU-10004115,Acme Stainless Steel Office Snips,4
TEC-PH-10001425,Mophie Juice Pack Helium for iPhone,2
TEC-PH-10003963,GE 2-Jack Phone Line Splitter,2
OFF-ST-10001490,Hot File 7-Pocket  Floor Stand,7
OFF-PA-10002120,Xerox 1889,14
OFF-BI-10000848,Angle-D Ring Binders,17
TEC-PH-10003092,Motorola L804,2
OFF-LA-10004345,Avery 493,12
OFF-PA-10001204,Xerox 1972,14
TEC-PH-10004667,Cisco 8x8 Inc. 6753i IP Business Phone System,2
OFF-BI-10002949,Prestige Round Ring Binders,17
FUR-FU-10003849,DAX Metal Frame  Desktop  Stepped-Edge,15
FUR-FU-10000010,DAX Value U-Channel Document Frames  Easel Back,15
OFF-BI-10002824,Recycled Easel Ring Binders,17
TEC-PH-10002538,Grandstream GXP1160 VoIP phone,2
OFF-BI-10002103,Cardinal Slant-D Ring Binder  Heavy Gauge Vinyl,17
FUR-CH-10004853,Global Managers Adjustable Task Chair  Storm,10
OFF-AP-10000179,Honeywell Enviracaire Portable HEPA Air Cleaner for up to 10 x 16 Room,1
OFF-ST-10001272,Mini 13-1/2 Capacity Data Binder Rack  Pearl,7
FUR-FU-10000221,Master Caster Door Stop  Brown,15
OFF-AP-10001563,Belkin Premiere Surge Master II 8-outlet surge protector,1
OFF-BI-10000605,Acco Pressboard Covers with Storage Hooks  9 1/2 x 11  Executive Red,17
OFF-ST-10001963,Tennsco Regal Shelving Units,7
TEC-AC-10001267,Imation 32GB Pocket Pro USB 3.0 Flash Drive - 32 GB - Black - 1 P ...,11
TEC-PH-10002103,Jabra SPEAK 410,2
TEC-AC-10002857,Verbatim 25 GB 6x Blu-ray Single Layer Recordable Disc  1/Pack,11
FUR-CH-10001482,Office Star - Mesh Screen back chair with Vinyl seat,10
OFF-BI-10001989,Premium Transparent Presentation Covers by GBC,17
OFF-AP-10003287,Tripp Lite TLP810NET Broadband Surge for Modem/Fax,1
OFF-BI-10004728,Wilson Jones Turn Tabs Binder Tool for Ring Binders,17
FUR-FU-10000732,Eldon 200 Class Desk Accessories,15
OFF-ST-10000585,Economy Rollaway Files,7
OFF-LA-10002787,Avery 480,12
OFF-PA-10001934,Xerox 1993,14
OFF-AP-10002457,Eureka The Boss Plus 12-Amp Hard Box Upright Vacuum  Red,1
OFF-FA-10003112,Staples,16
OFF-AP-10002350,Belkin F9H710-06 7 Outlet SurgeMaster Surge Protector,1
TEC-AC-10001142,First Data FD10 PIN Pad,11
TEC-AC-10001101,Sony 16GB Class 10 Micro SDHC R40 Memory Card,11
OFF-AP-10002439,Tripp Lite Isotel 8 Ultra 8 Outlet Metal Surge,1
OFF-BI-10002827,Avery Durable Poly Binders,17
OFF-EN-10002230,Airmail Envelopes,13
OFF-ST-10001511,Space Solutions Commercial Steel Shelving,7
OFF-SU-10004231,Acme Tagit Stainless Steel Antibacterial Scissors,4
TEC-PH-10004042,ClearOne Communications CHAT 70 OC Speaker Phone,2
FUR-FU-10003096,Master Giant Foot Doorstop  Safety Yellow,15
FUR-FU-10002759,12-1/2 Diameter Round Wall Clock,15
FUR-TA-10000688,Chromcraft Bull-Nose Wood Round Conference Table Top  Wood Base,8
OFF-AR-10001954,Newell 331,3
OFF-AP-10004532,Kensington 6 Outlet Guardian Standard Surge Protector,1
OFF-PA-10002137,Southworth 100% Résumé Paper  24lb.,14
OFF-AP-10000804,Hoover Portapower Portable Vacuum,1
TEC-AC-10003614,Verbatim 25 GB 6x Blu-ray Single Layer Recordable Disc  10/Pack,11
FUR-FU-10003553,Howard Miller 13-1/2 Diameter Rosebrook Wall Clock,15
OFF-BI-10004632,Ibico Hi-Tech Manual Binding System,17
OFF-BI-10003305,Avery Hanging File Binders,17
OFF-ST-10002583,Fellowes Neat Ideas Storage Cubes,7
OFF-LA-10001934,Avery 516,12
FUR-BO-10004015,Bush Andora Bookcase  Maple/Graphite Gray Finish,9
FUR-FU-10004071,Luxo Professional Magnifying Clamp-On Fluorescent Lamps,15
OFF-ST-10002444,Recycled Eldon Regeneration Jumbo File,7
TEC-AC-10002253,Imation Bio 8GB USB Flash Drive Imation Corp,11
OFF-PA-10000743,Xerox 1977,14
OFF-LA-10002312,Avery 490,12
OFF-LA-10003510,Avery 4027 File Folder Labels for Dot Matrix Printers  5000 Labels per Box  White,12
OFF-AR-10001118,Binney & Smith Crayola Metallic Crayons  16-Color Pack,3
OFF-BI-10001575,GBC Linen Binding Covers,17
FUR-FU-10003394,Tenex The Solids Textured Chair Mats,15
FUR-TA-10002774,Laminate Occasional Tables,8
OFF-PA-10001800,Xerox 220,14
OFF-AP-10001469,Fellowes 8 Outlet Superior Workstation Surge Protector,1
FUR-BO-10003272,OSullivan Living Dimensions 5-Shelf Bookcases,9
OFF-EN-10001219,#10- 4 1/8 x 9 1/2 Security-Tint Envelopes,13
OFF-AP-10001154,Bionaire Personal Warm Mist Humidifier/Vaporizer,1
TEC-AC-10001606,Logitech Wireless Performance Mouse MX for PC and Mac,11
OFF-BI-10003355,Cardinal Holdit Business Card Pockets,17
FUR-FU-10002253,Howard Miller 13 Diameter Pewter Finish Round Wall Clock,15
OFF-PA-10004092,Tops Green Bar Computer Printout Paper,14
FUR-TA-10000198,Chromcraft Bull-Nose Wood Oval Conference Tables & Bases,8
OFF-ST-10000036,Recycled Data-Pak for Archival Bound Computer Printouts  12-1/2 x 12-1/2 x 16,7
FUR-FU-10000222,Seth Thomas 16 Steel Case Clock,15
OFF-SU-10004664,Acme Softgrip Scissors,4
OFF-EN-10001141,Manila Recycled Extra-Heavyweight Clasp Envelopes  6 x 9,13
TEC-PH-10002170,ClearSounds CSC500 Amplified Spirit Phone Corded phone,2
OFF-PA-10001954,Xerox 1964,14
FUR-TA-10002228,Bevis Traditional Conference Table Top  Plinth Base,8
OFF-ST-10004634,Personal Folder Holder  Ebony,7
TEC-AC-10003610,Logitech Illuminated - Keyboard,11
FUR-BO-10001619,OSullivan Cherrywood Estates Traditional Bookcase,9
OFF-BI-10000138,Acco Translucent Poly Ring Binders,17
TEC-AC-10001383,Logitech Wireless Touch Keyboard K400,11
OFF-LA-10003223,Avery 508,12
OFF-BI-10004094,GBC Standard Plastic Binding Systems Combs,17
OFF-PA-10004971,Xerox 196,14
OFF-SU-10004261,Fiskars 8 Scissors  2/Pack,4
TEC-PH-10000004,Belkin iPhone and iPad Lightning Cable,2
OFF-BI-10003638,GBC Durable Plastic Covers,17
FUR-FU-10003577,Nu-Dell Leatherette Frames,15
OFF-BI-10000546,Avery Durable Binders,17
TEC-CO-10002095,Hewlett Packard 610 Color Digital Copier / Printer,5
FUR-TA-10001095,Chromcraft Round Conference Tables,8
OFF-LA-10004484,Avery 476,12
OFF-EN-10001532,Brown Kraft Recycled Envelopes,13
TEC-AC-10003174,Plantronics S12 Corded Telephone Headset System,11
OFF-BI-10004187,3-ring staple pack,17
OFF-ST-10000025,Fellowes Stor/Drawer Steel Plus Storage Drawers,7
FUR-FU-10004306,Electrix Halogen Magnifier Lamp,15
FUR-CH-10003746,Hon 4070 Series Pagoda Round Back Stacking Chairs,10
OFF-BI-10001036,Cardinal EasyOpen D-Ring Binders,17
OFF-BI-10000301,GBC Instant Report Kit,17
OFF-AR-10004648,Boston 19500 Mighty Mite Electric Pencil Sharpener,3
FUR-FU-10002597,C-Line Magnetic Cubicle Keepers  Clear Polypropylene,15
OFF-AR-10003405,Dixon My First Ticonderoga Pencil  #2,3
FUR-CH-10002335,Hon GuestStacker Chair,10
OFF-PA-10003657,Xerox 1927,14
FUR-BO-10004409,Safco Value Mate Series Steel Bookcases  Baked Enamel Finish on Steel  Gray,9
TEC-AC-10000057,Microsoft Natural Ergonomic Keyboard 4000,11
OFF-EN-10000056,Cameo Buff Policy Envelopes,13
OFF-BI-10000014,Heavy-Duty E-Z-D Binders,17
FUR-CH-10004675,Lifetime Advantage Folding Chairs  4/Carton,10
OFF-BI-10001132,Acco PRESSTEX Data Binder with Storage Hooks  Dark Blue  9 1/2 X 11,17
FUR-CH-10003199,Office Star - Contemporary Task Swivel Chair,10
TEC-PH-10001530,Cisco Unified IP Phone 7945G VoIP phone,2
OFF-LA-10001569,Avery 499,12
OFF-PA-10000176,Xerox 1887,14
OFF-LA-10002271,Smead Alpha-Z Color-Coded Second Alphabetical Labels and Starter Set,12
FUR-FU-10004090,Executive Impressions 14 Contract Wall Clock,15
OFF-AP-10000576,Belkin 7 Outlet SurgeMaster II,1
OFF-PA-10003953,Xerox 218,14
FUR-FU-10000794,Eldon Stackable Tray  Side-Load  Legal  Smoke,15
OFF-AR-10001897,Model L Table or Wall-Mount Pencil Sharpener,3
TEC-PH-10001795,ClearOne CHATAttach 160 - speaker phone,2
TEC-AC-10004901,Kensington SlimBlade Notebook Wireless Mouse with Nano Receiver ,11
OFF-AR-10003190,Newell 32,3
OFF-AP-10000240,Belkin F9G930V10-GRY 9 Outlet Surge,1
TEC-AC-10001838,Razer Tiamat Over Ear 7.1 Surround Sound PC Gaming Headset,11
OFF-PA-10003651,Xerox 1968,14
OFF-BI-10003094,Self-Adhesive Ring Binder Labels,17
FUR-CH-10001394,Global Leather Executive Chair,10
OFF-BI-10004230,GBC Recycled Grain Textured Covers,17
OFF-PA-10003395,Xerox 1941,14
TEC-AC-10002402,Razer Kraken PRO Over Ear PC and Music Headset,11
TEC-AC-10003441,Kingston Digital DataTraveler 32GB USB 2.0,11
OFF-FA-10002280,Advantus Plastic Paper Clips,16
OFF-SU-10000381,Acme Forged Steel Scissors with Black Enamel Handles,4
OFF-EN-10004459,Security-Tint Envelopes,13
FUR-CH-10000665,Global Airflow Leather Mesh Back Chair  Black,10
OFF-AP-10003884,Fellowes Smart Surge Ten-Outlet Protector  Platinum,1
TEC-PH-10001557,Pyle PMP37LED,2
TEC-PH-10002085,Clarity 53712,2
OFF-AR-10002956,Boston 16801 Nautilus Battery Pencil Sharpener,3
OFF-AP-10003266,Holmes Replacement Filter for HEPA Air Cleaner  Large Room,1
TEC-MA-10004002,Zebra GX420t Direct Thermal/Thermal Transfer Printer,6
OFF-BI-10001071,GBC ProClick Punch Binding System,17
OFF-PA-10001560,Adams Telephone Message Books  5 1/4” x 11”,14
OFF-AR-10002578,Newell 335,3
FUR-BO-10001519,OSullivan 3-Shelf Heavy-Duty Bookcases,9
OFF-BI-10001294,Fellowes Binding Cases,17
OFF-BI-10001636,Ibico Plastic and Wire Spiral Binding Combs,17
OFF-SU-10002503,Acme Preferred Stainless Steel Scissors,4
OFF-LA-10004093,Avery 486,12
FUR-FU-10003878,Linden 10 Round Wall Clock  Black,15
TEC-AC-10000710,Maxell DVD-RAM Discs,11
OFF-AR-10002335,DIXON Oriole Pencils,3
OFF-PA-10001870,Xerox 202,14
OFF-PA-10001019,Xerox 1884,14
OFF-SU-10002537,Acme Box Cutter Scissors,4
OFF-ST-10003221,Staple magnet,7
OFF-AR-10003752,Deluxe Chalkboard Eraser Cleaner,3
TEC-AC-10001714,Logitech MX Performance Wireless Mouse,11
OFF-AR-10003958,Newell 337,3
TEC-PH-10002923,Logitech B530 USB Headset - headset - Full size  Binaural,2
OFF-LA-10004272,Avery 482,12
FUR-FU-10000965,Howard Miller 11-1/2 Diameter Ridgewood Wall Clock,15
OFF-LA-10004853,Avery 483,12
OFF-BI-10003719,Large Capacity Hanging Post Binders,17
OFF-BI-10000545,GBC Ibimaster 500 Manual ProClick Binding System,17
OFF-PA-10003591,Southworth 100% Cotton The Best Paper,14
OFF-PA-10001790,Xerox 1910,14
TEC-AC-10002049,Logitech G19 Programmable Gaming Keyboard,11
OFF-BI-10003712,Acco Pressboard Covers with Storage Hooks  14 7/8 x 11  Light Blue,17
OFF-BI-10003984,Lock-Up Easel Spel-Binder,17
FUR-FU-10001424,Dax Clear Box Frame,15
OFF-BI-10002071,Fellowes Black Plastic Comb Bindings,17
OFF-ST-10002486,Eldon Shelf Savers Cubes and Bins,7
TEC-AC-10000927,Anker Ultrathin Bluetooth Wireless Keyboard Aluminum Cover with Stand ,11
OFF-PA-10001622,Ampad Poly Cover Wirebound Steno Book  6 x 9 Assorted Colors  Gregg Ruled,14
OFF-AR-10003158,Fluorescent Highlighters by Dixon,3
TEC-PH-10002660,Nortel Networks T7316 E Nt8 B27,2
OFF-BI-10003364,Binding Machine Supplies,17
OFF-EN-10001099,Staple envelope,13
OFF-PA-10002250,Things To Do Today Pad,14
OFF-BI-10004716,Wilson Jones Hanging Recycled Pressboard Data Binders,17
OFF-LA-10001045,Permanent Self-Adhesive File Folder Labels for Typewriters by Universal,12
OFF-BI-10001510,Deluxe Heavy-Duty Vinyl Round Ring Binder,17
OFF-PA-10002947,Xerox 1923,14
OFF-PA-10000019,Xerox 1931,14
FUR-BO-10003441,Bush Westfield Collection Bookcases  Fully Assembled,9
TEC-PH-10004774,Gear Head AU3700S Headset,2
OFF-BI-10003684,Wilson Jones Legal Size Ring Binders,17
TEC-PH-10001494,Polycom CX600 IP Phone VoIP phone,2
TEC-AC-10004666,Maxell iVDR EX 500GB Cartridge,11
OFF-ST-10003816,Fellowes High-Stak Drawer Files,7
FUR-TA-10001520,Lesro Sheffield Collection Coffee Table  End Table  Center Table  Corner Table,8
OFF-ST-10001558,Acco Perma 4000 Stacking Storage Drawers,7
TEC-AC-10002473,Maxell 4.7GB DVD-R,11
TEC-PH-10004531,OtterBox Commuter Series Case - iPhone 5 & 5s,2
OFF-AP-10004487,Kensington 4 Outlet MasterPiece Compact Power Control Center,1
OFF-PA-10003543,Xerox 1985,14
TEC-AC-10004353,Hypercom P1300 Pinpad,11
OFF-AR-10001468,Sanford Prismacolor Professional Thick Lead Art Pencils  36-Color Set,3
OFF-PA-10002195,RSVP Cards & Envelopes  Blank White  8-1/2 X 11  24 Cards/25 Envelopes/Set,14
OFF-PA-10001745,Wirebound Message Books  2 7/8 x 5  3 Forms per Page,14
OFF-BI-10004826,JM Magazine Binder,17
OFF-PA-10000289,Xerox 213,14
OFF-AP-10003040,Fellowes 8 Outlet Superior Workstation Surge Protector w/o Phone/Fax/Modem Protection,1
OFF-PA-10000350,Message Book  Standard Line While You Were Out  5 1/2 X 4  200 Sets/Book,14
OFF-BI-10001759,Acco Pressboard Covers with Storage Hooks  14 7/8 x 11  Dark Blue,17
OFF-ST-10001496,Standard Rollaway File with Lock,7
OFF-BI-10002931,Avery Trapezoid Extra Heavy Duty 4 Binders,17
FUR-TA-10002356,Bevis Boat-Shaped Conference Table,8
FUR-FU-10003601,Deflect-o RollaMat Studded  Beveled Mat for Medium Pile Carpeting,15
FUR-TA-10004154,Riverside Furniture Oval Coffee Table  Oval End Table  End Table with Drawer,8
OFF-PA-10000788,Xerox 210,14
FUR-FU-10001940,Staple-based wall hangings,15
OFF-BI-10004465,Avery Durable Slant Ring Binders,17
OFF-PA-10002333,Universal Ultra Bright White Copier/Laser Paper  8 1/2 x 11  Ream,14
FUR-FU-10004188,Luxo Professional Combination Clamp-On Lamps,15
OFF-BI-10000145,Zipper Ring Binder Pockets,17
OFF-LA-10001613,Avery File Folder Labels,12
OFF-LA-10004055,Color-Coded Legal Exhibit Labels,12
OFF-PA-10004621,Xerox 212,14
OFF-PA-10001281,Computer Printout Paper with Letter-Trim Fine Perforations,14
OFF-ST-10001097,Office Impressions Heavy Duty Welded Shelving & Multimedia Storage Drawers,7
FUR-FU-10001095,DAX Black Cherry Wood-Tone Poster Frame,15
OFF-BI-10002012,Wilson Jones Easy Flow II Sheet Lifters,17
OFF-PA-10004156,Xerox 188,14
OFF-AR-10000034,BIC Brite Liner Grip Highlighters  Assorted  5/Pack,3
TEC-PH-10000560,Samsung Galaxy S III - 16GB - pebble blue (T-Mobile),2
OFF-EN-10000461,#10- 4 1/8 x 9 1/2 Recycled Envelopes,13
TEC-MA-10003066,Wasp CCD Handheld Bar Code Reader,6
OFF-BI-10004022,Acco Suede Grain Vinyl Round Ring Binder,17
OFF-AR-10001988,Bulldog Table or Wall-Mount Pencil Sharpener,3
OFF-PA-10003625,Xerox 1979,14
OFF-BI-10003925,Fellowes PB300 Plastic Comb Binding Machine,17
OFF-EN-10003862,Laser & Ink Jet Business Envelopes,13
OFF-ST-10004258,Portable Personal File Box,7
FUR-FU-10002885,Magna Visual Magnetic Picture Hangers,15
TEC-AC-10003033,Plantronics CS510 - Over-the-Head monaural Wireless Headset System,11
OFF-ST-10000046,Fellowes Super Stor/Drawer Files,7
OFF-BI-10002049,UniKeep View Case Binders,17
FUR-FU-10001602,Eldon Delta Triangular Chair Mat  52 x 58  Clear,15
OFF-ST-10003722,Project Tote Personal File,7
TEC-AC-10003198,Enermax Acrylux Wireless Keyboard,11
FUR-FU-10002191,G.E. Halogen Desk Lamp Bulbs,15
TEC-PH-10004188,OtterBox Commuter Series Case - Samsung Galaxy S4,2
OFF-ST-10001526,Iceberg Mobile Mega Data/Printer Cart ,7
OFF-AR-10001166,Staples in misc. colors,3
FUR-CH-10000309,Global Comet Stacking Arm Chair,10
TEC-MA-10004212,Cisco SPA525G2 5-Line IP Phone,6
OFF-EN-10003072,Peel & Seel Envelopes,13
OFF-BI-10000320,GBC Plastic Binding Combs,17
OFF-PA-10001166,Xerox 2,14
OFF-PA-10003656,Xerox 1935,14
TEC-PH-10000148,Cyber Acoustics AC-202b Speech Recognition Stereo Headset,2
TEC-PH-10003885,Cisco SPA508G,2
OFF-LA-10001175,Avery 514,12
OFF-PA-10000955,Southworth 25% Cotton Granite Paper & Envelopes,14
FUR-FU-10003975,Eldon Advantage Chair Mats for Low to Medium Pile Carpets,15
OFF-BI-10003707,Aluminum Screw Posts,17
OFF-AR-10000203,Newell 336,3
OFF-AR-10004790,Staples in misc. colors,3
TEC-AC-10004761,Maxell 4.7GB DVD+RW 3/Pack,11
FUR-BO-10001811,Atlantic Metals Mobile 5-Shelf Bookcases  Custom Colors,9
OFF-AR-10001130,Quartet Alpha White Chalk  12/Pack,3
OFF-AP-10000055,Belkin F9S820V06 8 Outlet Surge,1
FUR-CH-10002304,Global Stack Chair without Arms  Black,10
FUR-FU-10000293,Eldon Antistatic Chair Mats for Low to Medium Pile Carpets,15
OFF-PA-10001307,Important Message Pads  50 4-1/4 x 5-1/2 Forms per Pad,14
FUR-FU-10004460,Howard Miller 12 Round Wall Clock,15
OFF-AR-10000716,DIXON Ticonderoga Erasable Checking Pencils,3
FUR-FU-10004622,Eldon Advantage Foldable Chair Mats for Low Pile Carpets,15
OFF-BI-10003529,Avery Round Ring Poly Binders,17
OFF-BI-10001097,Avery Hole Reinforcements,17
OFF-BI-10001597,Wilson Jones Ledger-Size  Piano-Hinge Binder  2  Blue,17
OFF-FA-10001754,Stockwell Gold Paper Clips,16
OFF-FA-10004838,Super Bands  12/Pack,16
TEC-PH-10002115,Plantronics 81402,2
OFF-FA-10003059,Assorted Color Push Pins,16
OFF-BI-10004330,GBC Velobind Prepunched Cover Sets  Regency Series,17
OFF-BI-10003669,3M Organizer Strips,17
OFF-BI-10003727,Avery Durable Slant Ring Binders With Label Holder,17
TEC-AC-10003447,Micropad Numeric Keypads,11
OFF-AR-10000255,Newell 328,3
OFF-AP-10002191,Belkin 8 Outlet SurgeMaster II Gold Surge Protector,1
OFF-PA-10000349,Easy-staple paper,14
FUR-CH-10002880,Global High-Back Leather Tilter  Burgundy,10
OFF-PA-10003127,Easy-staple paper,14
TEC-MA-10003979,Ativa V4110MDD Micro-Cut Shredder,6
OFF-PA-10000029,Xerox 224,14
OFF-LA-10000452,Avery 488,12
TEC-PH-10001819,Innergie mMini Combo Duo USB Travel Charging Kit,2
OFF-AR-10002952,Stanley Contemporary Battery Pencil Sharpeners,3
TEC-PH-10000576,AT&T 1080 Corded phone,2
OFF-PA-10000605,Xerox 1950,14
OFF-ST-10004340,Fellowes Mobile File Cart  Black,7
OFF-BI-10004001,GBC Recycled VeloBinder Covers,17
FUR-TA-10004147,Hon 4060 Series Tables,8
OFF-AR-10001545,Newell 326,3
TEC-AC-10001013,Logitech ClearChat Comfort/USB Headset H390,11
OFF-AR-10002255,Newell 346,3
OFF-PA-10001892,Rediform Wirebound Phone Memo Message Book  11 x 5-3/4,14
OFF-BI-10003676,GBC Standard Recycled Report Covers  Clear Plastic Sheets,17
OFF-FA-10003495,Staples,16
OFF-EN-10003798,Recycled Interoffice Envelopes with Re-Use-A-Seal Closure  10 x 13,13
TEC-PH-10003589,invisibleSHIELD by ZAGG Smudge-Free Screen Protector,2
OFF-PA-10004735,Xerox 1905,14
FUR-BO-10002206,Bush Saratoga Collection 5-Shelf Bookcase  Hanover Cherry  *Special Order,9
OFF-PA-10000141,Ampad Evidence Wirebond Steno Books  6 x 9,14
TEC-PH-10001061,Apple iPhone 5C,2
OFF-AR-10002375,Newell 351,3
OFF-EN-10001539,Staple envelope,13
FUR-TA-10004086,KI Adjustable-Height Table,8
OFF-PA-10000100,Xerox 1945,14
OFF-LA-10000973,Avery 502,12
OFF-ST-10001476,Steel Personal Filing/Posting Tote,7
OFF-EN-10002831,Tyvek  Top-Opening Peel & Seel  Envelopes  Gray,13
OFF-PA-10001763,Xerox 1896,14
OFF-BI-10002072,Cardinal Slant-D Ring Binders,17
OFF-FA-10001561,Stockwell Push Pins,16
TEC-MA-10004241,Star Micronics TSP800 TSP847IIU Receipt Printer,6
OFF-AP-10003849,Hoover Shoulder Vac Commercial Portable Vacuum,1
OFF-FA-10000735,Staples,16
OFF-BI-10003350,Acco Expandable Hanging Binders,17
TEC-PH-10000307,Shocksock Galaxy S4 Armband,2
TEC-CO-10004202,Brother DCP1000 Digital 3 in 1 Multifunction Machine,5
FUR-FU-10001852,Eldon Regeneration Recycled Desk Accessories  Smoke,15
OFF-AR-10003759,Crayola Anti Dust Chalk  12/Pack,3
OFF-ST-10004337,SAFCO Commercial Wire Shelving  72h,7
FUR-TA-10001932,Chromcraft 48 x 96 Racetrack Double Pedestal Table,8
FUR-CH-10002126,Hon Deluxe Fabric Upholstered Stacking Chairs,10
TEC-PH-10004700,PowerGen Dual USB Car Charger,2
OFF-BI-10003429,Cardinal HOLDit! Binder Insert Strips Extra Strips,17
FUR-FU-10004952,C-Line Cubicle Keepers Polyproplyene Holder w/Velcro Back  8-1/2x11  25/Bx,15
OFF-PA-10003172,Xerox 1996,14
OFF-ST-10002352,Iris Project Case,7
OFF-PA-10002259,Geographics Note Cards  Blank  White  8 1/2 x 11,14
OFF-BI-10002976,ACCOHIDE Binder by Acco,17
OFF-BI-10003694,Avery 3 1/2 Diskette Storage Pages  10/Pack,17
OFF-LA-10004425,Staple-on labels,12
FUR-CH-10001270,Harbour Creations Steel Folding Chair,10
TEC-PH-10004539,Wireless Extenders zBoost YX545 SOHO Signal Booster,2
OFF-AR-10001919,OIC #2 Pencils  Medium Soft,3
TEC-PH-10003655,Sannysis Cute Owl Design Soft Skin Case Cover for Samsung Galaxy S4,2
OFF-BI-10004656,Peel & Stick Add-On Corner Pockets,17
OFF-ST-10002344,Carina 42Hx23 3/4W Media Storage Unit,7
TEC-PH-10004447,Toshiba IPT2010-SD IP Telephone,2
FUR-CH-10003973,GuestStacker Chair with Chrome Finish Legs,10
OFF-PA-10000682,Xerox 1924,14
FUR-FU-10002268,Ultra Door Push Plate,15
TEC-AC-10001990,Kensington Orbit Wireless Mobile Trackball for PC and Mac,11
FUR-CH-10004540,Global Chrome Stack Chair,10
OFF-ST-10002292,Sauder Facets Collection Locker/File Cabinet  Sky Alder Finish,7
OFF-AR-10004999,Newell 315,3
OFF-BI-10001031,Pressboard Data Binders by Wilson Jones,17
OFF-BI-10002432,Wilson Jones Standard D-Ring Binders,17
FUR-FU-10001867,Eldon Expressions Punched Metal & Wood Desk Accessories  Pewter & Cherry,15
TEC-PH-10002200,Samsung Galaxy Note 2,2
TEC-PH-10000439,GE DSL Phone Line Filter,2
OFF-PA-10001685,Easy-staple paper,14
OFF-ST-10001418,Carina Media Storage Towers in Natural & Black,7
OFF-ST-10000676,Fellowes Econo/Stor Drawers,7
OFF-AR-10001022,SANFORD Liquid Accent Tank-Style Highlighters,3
OFF-EN-10003055,Blue String-Tie & Button Interoffice Envelopes  10 x 13,13
TEC-CO-10001046,Canon Imageclass D680 Copier / Fax,5
FUR-FU-10000076,24-Hour Round Wall Clock,15
FUR-FU-10003268,Eldon Radial Chair Mat for Low to Medium Pile Carpets,15
FUR-FU-10003691,Eldon Image Series Desk Accessories  Ebony,15
OFF-AR-10003903,Sanford 52201 APSCO Electric Pencil Sharpener,3
TEC-PH-10003442,Samsung Replacement EH64AVFWE Premium Headset,2
OFF-BI-10004519,GBC DocuBind P100 Manual Binding Machine,17
OFF-EN-10004955,Fashion Color Clasp Envelopes,13
FUR-TA-10004619,Hon Non-Folding Utility Tables,8
FUR-BO-10004467,Bestar Classic Bookcase,9
OFF-AR-10002280,Staples in misc. colors,3
FUR-CH-10001708,Office Star - Contemporary Swivel Chair with Padded Adjustable Arms and Flex Back,10
OFF-AR-10000462,Sanford Pocket Accent Highlighters,3
TEC-PH-10004165,Mitel MiVoice 5330e IP Phone,2
FUR-FU-10003724,Westinghouse Clip-On Gooseneck Lamps,15
FUR-FU-10003535,Howard Miller Distant Time Traveler Alarm Clock,15
OFF-ST-10003716,Tennsco Double-Tier Lockers,7
TEC-PH-10004586,Wilson SignalBoost 841262 DB PRO Amplifier Kit,2
OFF-BI-10004236,XtraLife ClearVue Slant-D Ring Binder  White  3,17
OFF-AR-10000422,Pencil and Crayon Sharpener,3
OFF-PA-10002870,Ampad Phone Message Book  Recycled  400 Message Capacity  5 ¾” x 11”,14
OFF-ST-10000563,Fellowes Bankers Box Stor/Drawer Steel Plus,7
OFF-BI-10002854,Performers Binder/Pad Holder  Black,17
FUR-CH-10001973,Office Star Flex Back Scooter Chair with White Frame,10
TEC-AC-10000580,Logitech G13 Programmable Gameboard with LCD Display,11
OFF-AR-10004022,Panasonic KP-380BK Classic Electric Pencil Sharpener,3
TEC-AC-10004209,Memorex Froggy Flash Drive 4 GB,11
TEC-AC-10000023,Maxell 74 Minute CD-R Spindle  50/Pack,11
TEC-PH-10003505,Geemarc AmpliPOWER60,2
OFF-LA-10000121,Avery 48,12
OFF-BI-10002026,Avery Arch Ring Binders,17
OFF-PA-10000994,Xerox 1915,14
OFF-BI-10002813,Avery Reinforcements for Hole-Punch Pages,17
OFF-AR-10004817,Colorific Watercolor Pencils,3
OFF-AR-10001860,BIC Liqua Brite Liner,3
OFF-BI-10004970,ACCOHIDE 3-Ring Binder  Blue  1,17
OFF-PA-10002968,Xerox 1973,14
FUR-BO-10003433,Sauder Cornerstone Collection Library,9
FUR-FU-10002554,Westinghouse Floor Lamp with Metal Mesh Shade  Black,15
TEC-PH-10003437,Blue Parrot B250XT Professional Grade Wireless Bluetooth Headset with,2
OFF-AP-10003971,Belkin 6 Outlet Metallic Surge Strip,1
FUR-CH-10003846,Hon Valutask Swivel Chairs,10
OFF-LA-10001404,Avery 517,12
OFF-LA-10001474,Avery 477,12
OFF-PA-10003072,Eureka Recycled Copy Paper 8 1/2 x 11  Ream,14
FUR-FU-10004960,Seth Thomas 12 Clock w/ Goldtone Case,15
TEC-AC-10003116,Memorex Froggy Flash Drive 8 GB,11
OFF-AP-10004859,Acco 6 Outlet Guardian Premium Surge Suppressor,1
OFF-PA-10002659,Avoid Verbal Orders Carbonless Minifold Book,14
OFF-BI-10004139,Fellowes Presentation Covers for Comb Binding Machines,17
OFF-AR-10002818,Panasonic KP-310 Heavy-Duty Electric Pencil Sharpener,3
OFF-AP-10001303,Holmes Cool Mist Humidifier for the Whole House with 8-Gallon Output per Day  Extended Life Filter,1
OFF-ST-10002574,SAFCO Commercial Wire Shelving  Black,7
FUR-FU-10004018,Tensor Computer Mounted Lamp,15
TEC-PH-10002549,Polycom SoundPoint IP 450 VoIP phone,2
OFF-PA-10004911,Rediform S.O.S. 1-Up Phone Message Bk  4-1/4x3-1/16 Bk  1 Form/Pg  40 Messages/Bk  3/Pk,14
TEC-MA-10002178,Cisco CP-7937G Unified IP Conference Station Phone,6
OFF-AR-10000411,Boston 16701 Slimline Battery Pencil Sharpener,3
OFF-LA-10000262,Avery 494,12
OFF-PA-10000466,Memo Book  100 Message Capacity  5 3/8” x 11”,14
OFF-AR-10003829,Newell 35,3
OFF-BI-10001758,Wilson Jones 14 Line Acrylic Coated Pressboard Data Binders,17
OFF-BI-10000136,Avery Non-Stick Heavy Duty View Round Locking Ring Binders,17
OFF-ST-10000649,Hanging Personal Folder File,7
OFF-PA-10003641,Xerox 1909,14
FUR-CH-10002961,Leather Task Chair  Black,10
OFF-PA-10004041,Its Hot Message Books with Stickers  2 3/4 x 5,14
TEC-PH-10001336,Digium D40 VoIP phone,2
TEC-MA-10003183,DYMO CardScan Personal V9 Business Card Scanner,6
TEC-AC-10001314,Case Logic 2.4GHz Wireless Keyboard,11
TEC-AC-10004510,Logitech Desktop MK120 Mouse and keyboard Combo,11
OFF-BI-10000042,Pressboard Data Binder  Crimson  12 X 8 1/2,17
FUR-TA-10003008,Lesro Round Back Collection Coffee Table  End Table,8
OFF-AP-10003590,Hoover WindTunnel Plus Canister Vacuum,1
OFF-PA-10000806,Xerox 1934,14
OFF-AR-10000896,Newell 329,3
TEC-PH-10002310,Panasonic KX T7731-B Digital phone,2
OFF-ST-10002289,Safco Wire Cube Shelving System  For Use as 4 or 5 14 Cubes  Black,7
OFF-PA-10001289,White Computer Printout Paper by Universal,14
OFF-FA-10000053,Revere Boxed Rubber Bands by Revere,16
OFF-EN-10003001,Ames Color-File Green Diamond Border X-ray Mailers,13
FUR-TA-10002958,Bevis Oval Conference Table  Walnut,8
FUR-TA-10001676,Hon 61000 Series Interactive Training Tables,8
OFF-BI-10000822,Acco PRESSTEX Data Binder with Storage Hooks  Light Blue  9 1/2 X 11,17
OFF-PA-10004888,Xerox 217,14
FUR-TA-10002622,Bush Andora Conference Table  Maple/Graphite Gray Finish,8
OFF-PA-10000418,Xerox 189,14
FUR-TA-10001039,KI Adjustable-Height Table,8
OFF-AR-10002240,Panasonic KP-150 Electric Pencil Sharpener,3
OFF-BI-10002867,GBC Recycled Regency Composition Covers,17
FUR-FU-10003976,DAX Executive Solid Wood Document Frame  Desktop or Hang  Mahogany  5 x 7,15
TEC-PH-10002922,ShoreTel ShorePhone IP 230 VoIP phone,2
OFF-PA-10000501,Petty Cash Envelope,14
OFF-AP-10004980,3M Replacement Filter for Office Air Cleaner for 20 x 33 Room,1
TEC-PH-10001750,Samsung Rugby III,2
OFF-BI-10003708,Acco Four Pocket Poly Ring Binder with Label Holder  Smoke  1,17
OFF-BI-10001191,Canvas Sectional Post Binders,17
OFF-PA-10003673,Strathmore Photo Mount Cards,14
OFF-PA-10001639,Xerox 203,14
TEC-AC-10004975,Plantronics Audio 995 Wireless Stereo Headset,11
OFF-BI-10004364,Storex Dura Pro Binders,17
OFF-PA-10001712,Xerox 1948,14
FUR-CH-10004289,Global Super Steno Chair,10
TEC-PH-10002564,OtterBox Defender Series Case - Samsung Galaxy S4,2
OFF-BI-10004876,Wilson Jones Suede Grain Vinyl Binders,17
TEC-PH-10004348,OtterBox Defender Series Case - iPhone 5c,2
OFF-BI-10004352,Wilson Jones DublLock D-Ring Binders,17
OFF-BI-10000666,Surelock Post Binders,17
TEC-MA-10000010,Hewlett-Packard Deskjet 3050a All-in-One Color Inkjet Printer,6
OFF-BI-10000977,Ibico Plastic Spiral Binding Combs,17
FUR-TA-10002530,Iceberg OfficeWorks 42 Round Tables,8
FUR-FU-10001473,DAX Wood Document Frame,15
